{
  "n": 200,
  "mean_before": 0.9759593676272311,
  "mean_after": 0.8785353594663049,
  "mean_delta": -0.09742400816092621,
  "std_before": 0.0859413823530699,
  "std_after": 0.2897875396827368,
  "std_delta": 0.2779079565141311,
  "before_p50": 0.9986645612464563,
  "after_p50": 0.9969040514159032,
  "delta_p10": -0.17560131883496544,
  "delta_p50": -8.659595428728295e-06,
  "delta_p90": 0.0014155100111227226,
  "improved_rate": 0.53,
  "worsened_rate": 0.47,
  "unchanged_rate": 0.0,
  "empty_rate": 0.0,
  "copy_rate": 0.0,
  "len_ratio_p10": 2.9404761904761907,
  "len_ratio_p50": 4.278688524590164,
  "len_ratio_p90": 6.837837837837838,
  "edit_norm_p10": 0.6618357487922706,
  "edit_norm_p50": 0.7688442211055276,
  "edit_norm_p90": 0.8537549407114624,
  "category_counts_before": {
    "toxic": 197,
    "obscene": 160,
    "insult": 58,
    "identity_hate": 4,
    "severe_toxic": 1
  },
  "category_counts_after": {
    "toxic": 177,
    "obscene": 140,
    "insult": 56,
    "severe_toxic": 1,
    "identity_hate": 1
  }
}