{
  "n": 200,
  "mean_before": 0.9759593676272311,
  "mean_after": 0.8655511808929154,
  "mean_delta": -0.1104081867343157,
  "std_before": 0.0859413823530699,
  "std_after": 0.31125186157405244,
  "std_delta": 0.29766396994176375,
  "before_p50": 0.9986645612464563,
  "after_p50": 0.9981279893304853,
  "delta_p10": -0.801391158462244,
  "delta_p50": 1.4696303887173912e-06,
  "delta_p90": 0.0018634867844546932,
  "improved_rate": 0.49,
  "worsened_rate": 0.51,
  "unchanged_rate": 0.0,
  "empty_rate": 0.0,
  "copy_rate": 0.0,
  "len_ratio_p10": 2.888888888888889,
  "len_ratio_p50": 4.222222222222222,
  "len_ratio_p90": 6.837837837837838,
  "edit_norm_p10": 0.6758893280632411,
  "edit_norm_p50": 0.7813504823151125,
  "edit_norm_p90": 0.8590909090909091,
  "category_counts_before": {
    "toxic": 197,
    "obscene": 160,
    "insult": 58,
    "identity_hate": 4,
    "severe_toxic": 1
  },
  "category_counts_after": {
    "toxic": 174,
    "obscene": 142,
    "severe_toxic": 3,
    "insult": 55,
    "identity_hate": 2
  }
}