{
  "n": 200,
  "mean_before": 0.9759593676272311,
  "mean_after": 0.9236513281890463,
  "mean_delta": -0.05230803943818486,
  "std_before": 0.0859413823530699,
  "std_after": 0.1808325568012682,
  "std_delta": 0.12667462817334973,
  "before_min": 0.32750221264179435,
  "before_max": 0.999999749836641,
  "after_min": 0.02225882993878181,
  "after_max": 0.9999980425472222,
  "delta_p10": -0.17580492746605256,
  "delta_p50": -0.008746627309927868,
  "delta_p90": -1.4793513838040666e-05,
  "improved_rate": 0.91,
  "worsened_rate": 0.0,
  "unchanged_rate": 0.09,
  "accept_rate": 0.0,
  "rewrite_rate": 0.91,
  "abstain_rate": 0.09,
  "action_counts": {
    "rewrite": 182,
    "abstain": 18
  },
  "category_counts_before": {
    "toxic": 197,
    "obscene": 160,
    "insult": 58,
    "identity_hate": 4,
    "severe_toxic": 1
  },
  "category_counts_after": {
    "toxic": 190,
    "obscene": 146,
    "insult": 24,
    "identity_hate": 1
  },
  "category_metrics": {
    "identity_hate": {
      "n": 4,
      "mean_before": 0.9954214508227085,
      "mean_after": 0.9239171016102115,
      "mean_delta": -0.07150434921249713,
      "improved_rate": 1.0
    },
    "insult": {
      "n": 58,
      "mean_before": 0.9930739344445354,
      "mean_after": 0.958994878475297,
      "mean_delta": -0.03407905596923845,
      "improved_rate": 0.9137931034482759
    },
    "obscene": {
      "n": 160,
      "mean_before": 0.9966461694014338,
      "mean_after": 0.9849052546736387,
      "mean_delta": -0.01174091472779508,
      "improved_rate": 0.8875
    },
    "severe_toxic": {
      "n": 1,
      "mean_before": 0.999999749836641,
      "mean_after": 0.9999927045552536,
      "mean_delta": -7.045281387396685e-06,
      "improved_rate": 1.0
    },
    "toxic": {
      "n": 197,
      "mean_before": 0.9849607624093042,
      "mean_after": 0.9368922642278318,
      "mean_delta": -0.04806849818147228,
      "improved_rate": 0.9086294416243654
    }
  }
}